step,hand_qpos_l2,piano_state_iou,sim_keys,ref_keys,goal_keys
0,1.4200315475463867,0.0,[],[],"[22, 50]"
1,1.386823296546936,0.0,[],[],"[22, 50]"
2,1.6098331212997437,0.0,[],[],"[22, 50]"
3,1.5488561391830444,0.0,[],[],"[22, 48, 50]"
4,1.163303256034851,0.0,[],[48],"[22, 48]"
5,1.0562889575958252,0.0,[],[48],"[22, 48]"
6,0.8057393431663513,0.0,"[14, 15]","[23, 48]","[22, 48]"
7,1.3775187730789185,0.0,[],"[22, 24, 48]","[22, 50]"
8,0.7340984344482422,0.0,[],[22],"[22, 50]"
9,0.833320677280426,0.0,[],[22],"[22, 50]"
10,0.7108465433120728,0.0,[],"[22, 48, 50]","[22, 50]"
11,0.9311136603355408,0.0,[],"[22, 50]","[22, 50]"
12,1.0324608087539673,0.0,[],"[22, 50]","[22, 50]"
13,0.8750485181808472,0.0,[49],"[22, 50]","[22, 50]"
14,0.8047352433204651,0.0,[],"[22, 50]","[22, 50]"
15,0.8681244850158691,0.0,[13],"[22, 50]","[22, 50]"
16,0.9978168606758118,0.0,[],"[22, 50]","[22, 50]"
17,0.8538725972175598,0.0,[],"[22, 50]","[22, 50]"
18,0.9137448668479919,0.0,[13],"[22, 50]","[22, 50]"
19,0.9302973747253418,0.0,"[13, 46]","[22, 50]","[22, 50]"
20,1.0786263942718506,0.0,[13],"[22, 50]","[22, 50]"
21,1.0002332925796509,0.0,[46],"[22, 50]","[22, 50]"
22,0.6930890679359436,0.0,[46],"[22, 50]","[22, 50]"
23,0.9155983328819275,0.0,"[15, 46]","[22, 50]","[22, 50]"
24,0.7754049301147461,0.0,"[15, 46]","[22, 50]","[22, 50]"
25,0.8922734260559082,0.0,[17],"[22, 50]","[22, 34, 50]"
26,0.7731384038925171,0.0,[],"[22, 50]","[22, 34, 50]"
27,1.3327778577804565,0.0,[21],"[22, 50]","[22, 34, 50]"
28,1.2533543109893799,0.3333333333333333,[20],"[20, 22, 50]","[22, 34, 50]"
29,0.9910169839859009,0.3333333333333333,[20],"[20, 22, 50]","[22, 34, 50]"
30,1.0823243856430054,0.0,[20],"[22, 50]","[22, 34, 50]"
31,0.8912209868431091,0.0,[20],"[22, 50]","[22, 34, 50]"
32,0.7058539390563965,0.3333333333333333,"[20, 50]","[22, 50]","[22, 34, 50]"
33,0.6912311315536499,0.3333333333333333,"[20, 50]","[22, 50]","[22, 34, 50]"
34,0.8069849014282227,0.0,[],"[22, 50]","[22, 34, 50]"
35,1.011717438697815,0.5,[50],"[22, 50]","[22, 34, 50]"
36,1.050060749053955,0.5,[50],"[22, 50]","[22, 34, 50]"
37,1.1772719621658325,0.3333333333333333,"[49, 50]","[22, 50]","[22, 34, 50, 51]"
38,1.1793155670166016,0.3333333333333333,"[19, 50]","[22, 50]","[22, 34, 51]"
39,0.9192492961883545,0.0,"[19, 50]","[22, 51]","[22, 34, 51]"
40,0.8927415609359741,0.0,[50],"[22, 51]","[22, 34, 51]"
41,0.8165107369422913,0.0,"[19, 50]","[22, 51]","[22, 34, 51]"
42,0.7144121527671814,0.0,[50],"[22, 51]","[22, 34, 51]"
43,0.8486640453338623,0.0,[],"[22, 51]","[22, 34, 51]"
44,1.0358450412750244,0.0,[],"[22, 51]","[22, 34, 51]"
45,1.029401421546936,0.0,[],"[22, 51]","[22, 34, 51]"
46,0.8653833270072937,0.0,[],"[22, 51]","[22, 34, 51]"
47,0.811697244644165,0.0,[],"[22, 51]","[22, 34, 51]"
48,0.7824106216430664,0.0,[],"[22, 51]","[22, 34, 51]"
49,0.8543541431427002,0.0,"[48, 50]","[22, 51]","[22, 34, 51]"
50,1.349051833152771,0.0,"[48, 50]","[22, 51]","[22, 31, 34, 50]"
51,1.597439169883728,0.0,[],[],"[31, 34, 50]"
52,1.5332319736480713,0.0,[],[50],"[31, 34, 50]"
53,1.4972643852233887,0.0,[],"[34, 48, 50]","[31, 34, 48, 50]"
54,1.0973743200302124,0.0,[44],"[31, 34, 48, 50]","[31, 34, 48]"
55,1.182346224784851,0.0,"[28, 44, 46]","[31, 34, 36]","[31, 34, 48]"
56,1.3060996532440186,0.0,"[28, 44, 46]","[31, 34, 48]","[31, 34, 48, 50]"
57,0.9600081443786621,0.0,[],"[31, 34, 48]","[31, 34, 50]"
58,1.068385362625122,0.0,[],"[31, 34, 48]","[31, 34, 50]"
59,1.0570977926254272,0.25,"[46, 48]","[31, 34, 48]","[31, 34, 48, 50]"
60,1.051850438117981,0.25,"[46, 48]","[31, 34, 48]","[31, 34, 48]"
61,1.1155742406845093,0.0,[46],"[31, 34, 48]","[31, 34, 48]"
62,1.2112735509872437,0.0,"[25, 28]","[31, 34, 48]","[31, 34, 48]"
63,1.0989049673080444,0.0,[28],"[31, 34, 48]","[31, 34, 48]"
64,1.0092864036560059,0.0,"[25, 28]","[31, 34, 48]","[31, 34, 48]"
65,1.0329174995422363,0.0,"[25, 28, 43, 44]","[31, 34, 48]","[31, 34, 48]"
66,1.0359207391738892,0.0,"[25, 28]","[31, 34, 48]","[31, 34, 48]"
67,0.9973334074020386,0.0,[28],"[31, 34, 48]","[31, 34, 48]"
68,1.1243665218353271,0.0,[],"[31, 34, 48]","[31, 34, 46, 48]"
69,1.4016976356506348,0.0,[],"[31, 34, 48]","[31, 34, 46]"
70,1.1727033853530884,0.0,[],"[31, 34, 50]","[31, 34, 46]"
71,1.098075032234192,0.0,"[43, 50]","[31, 34, 46]","[31, 34, 46]"
72,1.1848503351211548,0.0,"[43, 47, 50]","[31, 34, 46]","[31, 34, 46]"
73,1.0424127578735352,0.0,[43],"[31, 34, 46]","[31, 34, 46]"
74,1.1193819046020508,0.0,[],"[31, 34, 46]","[31, 34, 46]"
75,1.4887882471084595,0.0,"[50, 51]","[31, 34, 46]","[26, 31, 34, 53]"
76,1.584315538406372,0.0,[50],"[31, 34, 53]","[26, 34, 53]"
77,1.2139877080917358,0.0,[50],"[34, 53]","[26, 34, 53]"
78,1.297595500946045,0.0,[50],"[34, 53]","[26, 34, 53]"
79,1.125563621520996,0.0,[],"[26, 27, 34, 53]","[26, 34, 53]"
80,1.0652143955230713,0.0,[],"[26, 34, 53]","[26, 34, 53]"
81,1.1144782304763794,0.0,[50],"[26, 34, 53]","[26, 34, 53]"
82,1.11121666431427,0.0,[50],"[26, 34, 53]","[26, 34, 53]"
83,0.9760459661483765,0.0,"[28, 50]","[26, 34, 53]","[26, 34, 53]"
84,1.1792207956314087,0.0,[],"[26, 34, 53]","[26, 34, 53]"
85,1.069370150566101,0.0,[],"[26, 34, 53]","[26, 34, 53]"
86,1.0762995481491089,0.0,"[21, 29, 50, 51]","[26, 34, 53]","[26, 34, 53]"
87,1.155527949333191,0.0,"[21, 29]","[26, 34, 53]","[26, 34, 53]"
88,1.1321172714233398,0.0,"[21, 29]","[26, 34, 53]","[26, 34, 53]"
89,1.0239253044128418,0.0,"[21, 29]","[26, 34, 53]","[26, 34, 53]"
90,1.0905324220657349,0.0,[21],"[26, 34, 53]","[26, 34, 53]"
91,1.061853051185608,0.0,"[21, 29]","[26, 34, 53]","[26, 34, 53]"
92,1.0769234895706177,0.0,[],"[26, 34, 53]","[26, 34, 53]"
93,1.1385986804962158,0.0,"[27, 29]","[26, 34, 53]","[26, 34, 53]"
94,1.1097301244735718,0.0,[],"[26, 34, 53]","[26, 34, 53]"
95,0.9052093625068665,0.0,"[22, 27, 29]","[26, 34, 53]","[26, 34, 53]"
96,1.0201034545898438,0.0,"[22, 29, 50]","[26, 34, 53]","[26, 34, 53]"
97,1.048710823059082,0.0,[],"[26, 34, 53]","[26, 34, 53]"
98,1.1498067378997803,0.0,[],"[26, 34, 53]","[26, 34, 53]"
99,1.1427333354949951,0.0,[],"[26, 34, 53]","[26, 34, 53]"
100,1.2338995933532715,0.0,"[23, 29, 31]","[26, 34, 53]","[26, 27, 34]"
101,1.4984588623046875,0.0,[51],"[26, 34, 53]","[27, 34, 53]"
102,1.4244717359542847,0.0,[],"[34, 53]","[27, 34, 53]"
103,1.3590779304504395,0.0,[],"[34, 53]","[27, 34, 53]"
104,1.1314347982406616,0.0,[],"[27, 34, 53]","[27, 34, 53]"
105,1.2437447309494019,0.0,[],"[27, 34, 53]","[27, 34, 53]"
106,0.993622362613678,0.0,[23],"[27, 34, 53]","[27, 34, 53]"
107,0.9658238887786865,0.0,[23],"[27, 34, 53]","[27, 34, 53]"
108,0.9453573226928711,0.0,[],"[27, 34, 53]","[27, 34, 53]"
109,0.9342982769012451,0.0,[23],"[27, 34, 53]","[27, 34, 53]"
110,0.9470050930976868,0.0,[],"[27, 34, 53]","[27, 34, 53]"
111,1.0307674407958984,0.0,"[25, 50, 51]","[27, 34, 53]","[27, 34, 53]"
112,1.0251742601394653,0.0,"[25, 51]","[27, 34, 53]","[27, 34, 53]"
113,1.1894640922546387,0.0,"[25, 51]","[27, 34, 53]","[27, 53]"
114,1.375770926475525,0.0,"[25, 31, 51]","[27, 53]","[27, 34, 53]"
115,1.2277302742004395,0.0,[],"[27, 34, 53]","[27, 34, 53]"
116,1.1641861200332642,0.0,[],"[27, 34, 53]","[27, 34, 53]"
117,1.0949649810791016,0.0,[],"[27, 34, 53]","[27, 34, 53]"
118,1.0810993909835815,0.0,"[25, 31, 50, 51]","[27, 34, 53]","[27, 34, 53]"
119,1.261657476425171,0.0,[],"[27, 34, 53]","[27, 34, 53]"
120,1.2948049306869507,0.0,[],"[27, 34, 53]","[27, 34, 53]"
121,1.2196706533432007,0.0,"[32, 52]","[27, 34, 53]","[27, 34, 53]"
122,1.238494634628296,0.0,"[32, 52]","[27, 34, 53]","[27, 34, 53]"
123,1.085033655166626,0.25,"[27, 32]","[27, 34, 53]","[27, 34, 53]"
124,1.0943052768707275,0.0,[],"[27, 34, 53]","[27, 34, 53]"
125,1.4614633321762085,0.0,[54],"[27, 34, 53]","[27, 36, 53, 55]"
126,1.3749115467071533,0.0,[],"[27, 53]","[27, 36, 55]"
127,1.6976878643035889,0.0,"[25, 26, 32, 34]",[27],"[27, 36, 55]"
128,1.2074053287506104,0.0,[],"[27, 34, 36]","[27, 36, 53, 55]"
129,1.0450669527053833,0.2,"[28, 34, 50]","[27, 34, 36]","[27, 36, 53]"
130,1.2404667139053345,0.3333333333333333,"[28, 34, 51]","[27, 34, 36, 51, 53]","[27, 36, 53]"
131,1.0980485677719116,0.2857142857142857,"[27, 28, 34, 51, 54]","[27, 34, 36, 53]","[27, 36, 53, 55]"
132,1.1685148477554321,0.4,"[27, 34, 51]","[27, 34, 36, 53]","[27, 36, 55]"
133,1.2269102334976196,0.4,"[27, 34]","[27, 34, 36, 53, 55]","[27, 36, 55]"
134,1.1382944583892822,0.25,[34],"[27, 34, 36, 55]","[27, 36, 55]"
135,1.0090560913085938,0.3333333333333333,"[26, 27, 34, 50]","[27, 34, 36, 55]","[27, 36, 55]"
136,1.1254891157150269,0.16666666666666666,"[34, 50, 51]","[27, 34, 36, 55]","[27, 36, 55]"
137,1.2737884521484375,0.3333333333333333,"[27, 34, 50, 51]","[27, 34, 36, 55]","[27, 36, 38, 55]"
138,1.0964709520339966,0.3333333333333333,"[27, 34, 50, 51]","[27, 34, 36, 55]","[27, 38, 55]"
139,1.0918312072753906,0.0,"[50, 51]","[27, 36, 55]","[27, 38, 55]"
140,1.0787866115570068,0.0,[50],"[27, 55]","[27, 38, 55]"
141,1.1752742528915405,0.0,"[50, 51]","[27, 55]","[27, 38, 55]"
142,1.135955572128296,0.0,"[50, 51]","[27, 55]","[27, 38, 55]"
143,1.017939805984497,0.0,[50],"[27, 55]","[27, 38, 55]"
144,1.0667142868041992,0.0,[],"[27, 55]","[27, 38, 55]"
145,1.07025146484375,0.0,[],"[27, 55]","[27, 38, 55]"
146,0.8253849148750305,0.0,"[35, 48, 50]","[27, 55]","[27, 38, 55]"
147,0.8613261580467224,0.0,"[48, 50]","[27, 55]","[27, 38, 55]"
148,0.9026607871055603,0.3333333333333333,"[27, 50]","[27, 55]","[27, 38, 55]"
149,1.0801459550857544,0.0,"[50, 54]","[27, 55]","[27, 38, 55]"
150,1.3292181491851807,0.0,"[50, 53]","[27, 55]","[27, 36, 39, 46, 55]"
151,1.0594842433929443,0.0,[],[53],"[36, 39, 46]"
152,1.2819311618804932,0.0,"[46, 48]",[],"[36, 39, 46]"
153,1.1611367464065552,0.0,[46],"[36, 39]","[36, 39, 46]"
154,1.0257662534713745,0.5,"[33, 36, 46]","[36, 39, 46]","[36, 39, 46]"
155,1.0849705934524536,0.3333333333333333,[46],"[36, 39, 46]","[36, 39, 46]"
156,1.1897661685943604,0.25,"[35, 36]","[36, 39, 46]","[36, 39, 46]"
157,1.1742918491363525,0.3333333333333333,[36],"[36, 39, 46]","[36, 39, 46]"
158,1.2263076305389404,0.5,"[35, 36, 46]","[36, 39, 46]","[36, 39, 46]"
159,1.2438048124313354,0.25,"[35, 36]","[36, 39, 46]","[36, 39, 46]"
160,1.1176302433013916,0.2,"[35, 36]","[36, 38, 39, 46]","[36, 39, 46]"
161,1.1006288528442383,0.25,[36],"[36, 38, 39, 46]","[36, 39, 46]"
162,0.8868739008903503,0.0,[],"[36, 39, 46]","[36, 39, 46]"
163,1.4010894298553467,0.0,[],"[36, 39, 46]","[36, 39, 45]"
164,1.4373823404312134,0.0,[],"[36, 39, 44]","[36, 39, 45]"
165,1.326857328414917,0.0,[33],"[36, 39, 45]","[36, 39, 45]"
166,1.1851108074188232,0.0,[],"[36, 39, 41, 45]","[36, 39, 45]"
167,1.3343749046325684,0.0,[],"[36, 39, 45]","[36, 39, 45]"
168,1.3522628545761108,0.0,[30],"[36, 39, 45]","[36, 39, 45]"
169,1.2706881761550903,0.0,[30],"[36, 39, 45]","[36, 39, 45]"
170,1.233399510383606,0.0,[],"[36, 39, 45]","[36, 39, 45]"
171,1.4253090620040894,0.0,[],"[36, 39, 45]","[36, 39, 45]"
172,1.3072148561477661,0.0,[],"[36, 39, 45]","[36, 39, 45]"
173,1.4615710973739624,0.0,[],"[36, 39, 45]","[36, 39, 45]"
174,1.3037340641021729,0.0,[],"[36, 39, 45]","[36, 39, 45]"
175,1.6771539449691772,0.0,[],"[36, 39, 45]","[33, 39, 45]"
176,1.5185030698776245,0.0,[],"[33, 39, 45]","[33, 36, 45]"
177,1.4583961963653564,0.0,[],"[33, 36, 45]","[33, 36, 45]"
178,1.5093915462493896,0.0,[],"[33, 36, 45]","[33, 36, 45]"
179,1.3778423070907593,0.0,[44],"[33, 36, 39, 45]","[33, 36, 45]"
180,1.4750603437423706,0.0,[44],"[33, 36, 45]","[33, 36, 45]"
181,1.3755316734313965,0.0,[44],"[33, 36, 45]","[33, 36, 45]"
182,1.3662387132644653,0.0,[44],"[33, 36, 45]","[33, 36, 45]"
183,1.4997509717941284,0.0,[44],"[33, 36, 45]","[33, 36, 45]"
184,1.672587513923645,0.0,[],"[33, 36, 45]","[33, 36, 45]"
185,1.7168266773223877,0.0,[],"[33, 36, 45]","[33, 36, 45]"
186,1.7676631212234497,0.0,[],"[33, 36, 45]","[33, 36, 45]"
187,1.7375115156173706,0.0,[],"[33, 36, 45]","[33, 36, 45]"
188,1.729858160018921,0.0,[],"[33, 36, 45]","[33, 36, 45, 51]"
189,1.7594964504241943,0.0,[],"[33, 36, 45]","[33, 36, 51]"
190,1.8150700330734253,0.0,[],"[33, 36]","[33, 36, 51]"
191,1.5860819816589355,0.0,[],"[33, 36, 51]","[33, 36, 51]"
192,1.6632899045944214,0.3333333333333333,[33],"[33, 36, 51]","[33, 36, 51]"
193,1.6482726335525513,0.3333333333333333,[33],"[33, 36, 51]","[33, 36, 51]"
194,1.5804386138916016,0.0,[49],"[33, 36, 51]","[33, 36, 51]"
195,1.4672737121582031,0.0,[50],"[33, 36, 51]","[33, 36, 51]"
196,1.4130562543869019,0.0,[50],"[33, 36, 51]","[33, 36, 51]"
197,1.3380450010299683,0.25,"[33, 50]","[33, 36, 51]","[33, 36, 51]"
198,1.397174596786499,0.0,[50],"[33, 36, 51]","[33, 36, 51]"
199,1.6678056716918945,0.0,[],"[33, 36, 51]","[33, 36, 51]"
200,1.525757074356079,0.0,[50],"[33, 36]","[33, 34, 36, 50, 51]"
201,1.8288465738296509,0.2,[50],"[32, 33, 36, 50, 51]","[34, 50]"
202,1.5028809309005737,0.5,[50],"[34, 50]","[34, 50]"
203,1.3637361526489258,0.0,[],"[34, 50]","[34, 50]"
204,1.3792657852172852,0.0,[],"[34, 50]","[34, 51]"
205,1.362091302871704,0.0,[50],[34],"[34, 51]"
206,1.0178711414337158,0.6666666666666666,"[50, 51]","[34, 50, 51]","[34, 51]"
207,1.2439253330230713,0.6666666666666666,"[50, 51]","[34, 50, 51]","[34, 50]"
208,1.2197703123092651,0.6666666666666666,"[50, 51]","[34, 50, 51]","[34, 50]"
209,1.2656352519989014,0.5,[50],"[34, 50]","[34, 50]"
210,1.0156915187835693,0.5,[50],"[34, 50]","[34, 50]"
211,1.0508071184158325,0.0,[],"[34, 50]","[34, 50]"
212,1.0336283445358276,0.0,[],"[34, 50]","[34, 50]"
213,1.5687172412872314,0.0,[],"[34, 50]","[34, 48]"
214,1.3957724571228027,0.0,"[46, 48]",[34],"[34, 48]"
215,1.3163460493087769,0.25,"[46, 48]","[34, 48, 50]","[34, 48]"
216,0.9984169006347656,0.3333333333333333,"[46, 48]","[34, 48]","[34, 48]"
217,1.2103976011276245,0.0,[],"[34, 48]","[34, 48]"
218,1.0196278095245361,0.0,[],"[34, 48]","[34, 48]"
219,1.174818754196167,0.0,[44],"[34, 48]","[34, 48]"
220,0.881574273109436,0.0,[44],"[34, 48]","[34, 48]"
221,1.2445080280303955,0.0,[22],"[34, 48]","[34, 48]"
222,0.9284490942955017,0.0,[],"[34, 48]","[34, 48]"
223,0.9989684820175171,0.0,"[22, 24, 28]","[34, 48]","[34, 48]"
224,1.2991265058517456,0.0,"[22, 24]","[34, 48]","[34, 48]"
225,1.356209397315979,0.0,[45],"[34, 48]","[34, 48]"
226,1.849799394607544,0.0,[],"[34, 48]","[29, 34]"
227,1.5228698253631592,0.0,[],[],"[29, 34, 48]"
228,1.5244269371032715,0.0,[45],[48],"[29, 34, 48]"
229,1.1055338382720947,0.0,[45],"[29, 31, 34, 48]","[29, 34, 48]"
230,1.0698918104171753,0.0,"[21, 26]","[29, 34, 48]","[29, 34, 48]"
231,1.2029266357421875,0.0,"[21, 45]","[29, 34, 48]","[29, 34, 48]"
232,0.9601907730102539,0.0,[45],"[29, 34, 48]","[29, 34, 48]"
233,1.0338600873947144,0.0,[45],"[29, 34, 48]","[29, 34, 48]"
234,1.2301406860351562,0.0,[],"[29, 34, 48]","[29, 34, 48]"
235,1.0900521278381348,0.0,[],"[29, 34, 48]","[29, 34, 48]"
236,1.1614620685577393,0.0,"[25, 28]","[29, 34, 48]","[29, 34, 48]"
237,1.0532375574111938,0.0,"[25, 28]","[29, 34, 48]","[29, 34, 48]"
238,1.1532648801803589,0.0,[28],"[29, 31, 34, 48]","[29, 34, 48]"
239,0.9932183623313904,0.0,"[25, 28, 44]","[29, 31, 34, 48]","[29, 31, 48]"
240,1.0759706497192383,0.0,"[25, 26, 28, 44]","[29, 31, 48]","[29, 31, 48]"
241,0.9073562622070312,0.0,"[23, 25, 26]","[29, 31, 48]","[29, 31, 48]"
242,1.1632070541381836,0.0,[],"[29, 31, 48]","[29, 31, 48]"
243,0.9867060780525208,0.0,[],"[29, 31, 48]","[29, 31, 48]"
244,1.0733603239059448,0.0,[],"[29, 31, 48]","[29, 31, 48]"
245,1.0571564435958862,0.0,"[23, 25, 26]","[29, 31, 48]","[29, 31, 48]"
246,1.0381536483764648,0.0,[],"[29, 31, 48]","[29, 31, 48]"
247,1.3430473804473877,0.0,[],"[29, 31, 48]","[29, 31, 48]"
248,1.205366611480713,0.0,[],"[29, 31, 48]","[29, 31, 48]"
249,1.1029424667358398,0.0,[],"[29, 31, 48]","[29, 31, 48]"
250,1.1420637369155884,0.0,[],"[29, 31, 48]","[29, 31, 48]"
251,1.148893117904663,0.0,[],"[29, 31, 48]","[29, 31, 33, 48]"
252,0.9163177609443665,0.0,"[25, 30]","[29, 31, 33, 48]","[29, 33, 48]"
253,1.0785390138626099,0.0,[25],"[29, 33, 48]","[29, 33, 48]"
254,1.0297201871871948,0.0,"[25, 28]","[29, 33, 48]","[29, 33, 48]"
255,1.3257044553756714,0.0,[],"[29, 33, 48]","[29, 33, 48]"
256,1.2661737203598022,0.0,[],"[29, 33, 48]","[29, 33, 48]"
257,1.2672206163406372,0.0,[],"[29, 33, 48]","[29, 33, 48]"
258,1.4542754888534546,0.0,[],"[29, 33, 48]","[29, 33, 48]"
259,1.4217969179153442,0.0,[],"[29, 33, 48]","[29, 33, 48]"
260,1.51792573928833,0.0,[],"[29, 33, 48]","[29, 33, 48]"
261,1.545881986618042,0.0,[],"[29, 33, 48]","[29, 33, 48]"
262,1.4965455532073975,0.0,[],"[29, 33, 48]","[29, 33, 48]"
263,1.1900625228881836,0.0,[],"[29, 33, 48]","[29, 33, 48]"
264,1.1740602254867554,0.0,[],"[29, 33, 48]","[29, 36, 48]"
265,1.0511770248413086,0.0,"[28, 33]","[29, 36, 48]","[29, 36, 48]"
266,1.1093415021896362,0.0,[],"[29, 36, 48]","[29, 36, 48]"
267,0.9314994812011719,0.0,[35],"[29, 36, 48]","[29, 36, 48]"
268,0.8846239447593689,0.2,"[35, 47, 48]","[29, 36, 48]","[29, 36, 48]"
269,0.9986172914505005,0.2,"[35, 47, 48]","[29, 36, 48]","[29, 36, 48]"
270,0.9619572758674622,0.0,[47],"[29, 36, 48]","[29, 36, 48]"
271,1.0554856061935425,0.0,"[30, 35]","[29, 36, 48]","[29, 36, 48]"
272,1.1476277112960815,0.0,[47],"[29, 36, 48]","[29, 36, 48]"
273,0.9590108394622803,0.0,[47],"[29, 36, 48]","[29, 36, 48]"
274,1.0203545093536377,0.0,[47],"[29, 36, 48]","[29, 36, 48]"
275,1.128981113433838,0.0,[30],"[29, 36, 48]","[29, 36, 48]"
276,1.4246504306793213,0.0,[47],"[29, 36, 48]","[29, 41, 48]"
277,1.2146695852279663,0.5,"[39, 41, 48]","[29, 41, 48]","[41, 48]"
278,1.248283863067627,0.0,[],"[41, 48]","[41, 48]"
279,1.0822851657867432,0.0,[],"[41, 48]","[41, 48]"
280,1.2920280694961548,0.0,[],"[41, 48]","[41, 48]"
281,0.9615659117698669,0.0,[47],"[41, 48]","[41, 48]"
282,0.9782882332801819,0.0,[47],"[41, 48]","[41, 48]"
283,0.9978192448616028,0.0,[47],"[41, 48]","[41, 48]"
284,1.037438154220581,0.0,[],"[41, 48]","[41, 48]"
285,1.1458392143249512,0.0,[],"[41, 48]","[41, 48]"
286,0.9776637554168701,0.0,[],"[41, 48]","[41, 48]"
287,1.0250667333602905,0.0,[42],"[41, 48]","[41, 48]"
288,1.3008966445922852,0.0,[],"[41, 48]","[29, 41, 48]"
289,0.9880866408348083,0.0,"[25, 36, 42]","[29, 41, 48]","[29, 41, 48]"
290,0.9206036329269409,0.0,[42],"[29, 41, 48]","[29, 41, 48]"
291,1.159304141998291,0.0,[],"[29, 41, 48]","[29, 41, 48]"
292,1.015423059463501,0.0,[38],"[29, 41, 48]","[29, 41, 48]"
293,1.2186018228530884,0.0,[38],"[29, 41, 48]","[29, 41, 48]"
294,1.255458116531372,0.0,"[38, 44]","[29, 41, 48]","[29, 41, 48]"
295,1.0418144464492798,0.0,[44],"[29, 41, 48]","[29, 41, 48]"
296,0.9291805624961853,0.0,[25],"[29, 41, 48]","[29, 41, 48]"
297,1.0674430131912231,0.0,[26],"[29, 41, 48]","[29, 41, 48]"
298,1.3387298583984375,0.0,[26],"[29, 41, 48]","[29, 41, 48]"
299,1.1818209886550903,0.0,[26],"[29, 41, 48]","[29, 41, 48]"
300,1.2727807760238647,0.0,[26],"[29, 41, 48]","[29, 41, 48]"
301,1.758406639099121,0.0,[],"[29, 41, 48]","[27, 41, 48, 57]"
302,1.4939371347427368,0.0,[],[41],"[27, 57]"
303,1.4075462818145752,0.0,[],[],"[27, 57]"
304,1.4932953119277954,0.0,"[52, 59]",[],"[27, 57]"
305,1.3628989458084106,0.0,[21],[57],"[27, 55, 57]"
306,1.2236741781234741,0.0,[],"[29, 55, 57]","[27, 55]"
307,1.4457305669784546,0.0,[],"[27, 55]","[27, 55]"
308,1.3068257570266724,0.0,[52],"[27, 55]","[27, 55, 57]"
309,1.3246601819992065,0.0,[52],"[27, 55, 57]","[27, 57]"
310,1.0910879373550415,0.0,[],"[27, 55, 57]","[27, 57]"
311,1.095729947090149,0.0,[],"[27, 57]","[27, 57]"
312,1.1253023147583008,0.0,"[55, 56]","[27, 57]","[27, 57]"
313,1.0556854009628296,0.0,[56],"[26, 27, 57]","[27, 57]"
314,1.1599514484405518,0.0,[],"[27, 57]","[27, 57]"
315,1.2265170812606812,0.0,[],"[27, 57]","[27, 57]"
316,1.3325634002685547,0.0,[],"[27, 57]","[27, 57]"
317,0.9387560486793518,0.0,[],"[27, 57]","[27, 57]"
318,1.1727300882339478,0.0,[],"[27, 57]","[27, 57]"
319,1.117634892463684,0.5,[57],"[27, 57]","[27, 57]"
320,1.0327479839324951,0.0,[],"[27, 57]","[27, 57]"
321,1.0066887140274048,0.0,"[23, 24]","[27, 57]","[27, 57]"
322,1.0171629190444946,0.0,[],"[27, 57]","[27, 57]"
323,1.1138263940811157,0.0,[],"[27, 57]","[27, 57]"
324,1.3541300296783447,0.0,[],"[27, 57]","[27, 57]"
325,1.327115774154663,0.0,[],"[27, 57]","[27, 57]"
326,1.6943167448043823,0.5,[57],"[27, 57]","[27, 36, 57]"
327,1.4779176712036133,1.0,[57],[57],"[27, 36, 57]"
328,1.3146623373031616,0.5,"[22, 57]",[57],"[27, 36, 57]"
329,1.4420337677001953,0.0,[],"[26, 27, 57]","[27, 36, 57]"
330,1.271497130393982,0.0,[22],"[26, 27, 57]","[27, 36, 57]"
331,1.3162723779678345,0.0,[22],"[27, 57]","[27, 36, 57]"
332,1.274309754371643,0.0,[],"[27, 36, 57]","[27, 36, 57]"
333,1.3582724332809448,0.125,"[22, 24, 29, 31, 57, 59]","[27, 36, 57]","[27, 36, 57]"
334,1.5476783514022827,0.3333333333333333,[57],"[27, 36, 57]","[27, 36, 57]"
335,1.402191162109375,0.0,[],"[27, 36, 57]","[27, 36, 57]"
336,1.4691276550292969,0.0,[],"[27, 36, 57]","[27, 36, 57]"
337,1.5057477951049805,0.0,[],"[27, 36, 57]","[27, 36, 57]"
338,1.625476598739624,0.3333333333333333,[57],"[27, 36, 57]","[27, 36, 57]"
339,1.7243341207504272,0.16666666666666666,"[53, 55, 57, 58]","[27, 36, 57]","[27, 36, 57, 58]"
340,1.6833710670471191,0.0,[55],"[27, 36, 57]","[27, 36, 58]"
341,1.6288509368896484,0.0,[],"[27, 36]","[27, 36, 58]"
342,1.369156837463379,0.0,[],"[27, 36, 56]","[27, 36, 58]"
343,1.3081852197647095,0.0,[],"[27, 36, 56, 58]","[27, 36, 58]"
344,1.3595811128616333,0.0,[32],"[27, 36, 58]","[27, 36, 58]"
345,1.3427958488464355,0.0,"[26, 32]","[27, 36, 58]","[27, 36, 58]"
346,1.3620833158493042,0.0,"[26, 32, 56]","[27, 36, 58]","[27, 36, 58]"
347,1.3392174243927002,0.0,"[26, 32]","[27, 29, 36, 58]","[27, 36, 58]"
348,1.34516441822052,0.0,"[26, 32]","[27, 29, 36, 58]","[27, 36, 58]"
349,1.3183977603912354,0.0,"[26, 32]","[27, 36, 58]","[27, 36, 58]"
350,1.3490169048309326,0.0,[],"[27, 36, 58]","[27, 36, 58]"
351,1.8503800630569458,0.0,[32],"[27, 36, 58]","[36, 57]"
352,1.4346396923065186,0.2,"[32, 56, 57]","[27, 36, 57]","[27, 36, 57]"
353,1.410069465637207,0.0,"[54, 56]","[27, 36, 57, 59]","[27, 36, 57]"
354,1.220136046409607,0.0,"[54, 56]","[27, 29, 36, 57, 59]","[27, 36, 55, 57]"
355,1.4618078470230103,0.0,[],"[27, 36, 55, 57]","[27, 36, 55]"
356,1.2347967624664307,0.0,"[28, 34, 54]","[27, 36, 55]","[27, 36, 55]"
357,1.260960578918457,0.0,"[28, 34, 56]","[27, 36, 55]","[27, 36, 55, 57]"
358,1.1623435020446777,0.0,"[28, 34, 54, 56]","[27, 29, 36, 55, 57]","[27, 36, 57]"
359,1.1290825605392456,0.0,"[28, 34, 54, 56]","[27, 29, 36, 57]","[27, 36, 57]"
360,1.3008354902267456,0.0,[],"[27, 29, 36, 57]","[27, 36, 55, 57]"
361,1.589640736579895,0.0,[54],"[27, 29, 36, 55, 57]","[27, 36, 55]"
362,1.4064044952392578,0.0,[54],"[27, 29, 36, 55]","[27, 36, 55]"
363,1.37381911277771,0.0,[54],"[27, 29, 36, 55]","[27, 36, 55]"
364,1.3616410493850708,0.0,"[26, 32, 54]","[27, 29, 36, 55]","[27, 36, 55]"
365,1.1895318031311035,0.0,"[26, 32]","[27, 29, 36, 55]","[27, 36, 55]"
366,1.3621916770935059,0.0,"[32, 54]","[27, 29, 36, 55]","[27, 36, 55]"
367,1.2339712381362915,0.0,"[32, 54]","[27, 29, 36, 55]","[27, 36, 55]"
368,1.3676328659057617,0.0,"[25, 26, 32, 54]","[27, 29, 36, 55]","[27, 36, 55]"
369,1.3172075748443604,0.0,"[32, 54]","[27, 36, 55]","[27, 36, 53, 55]"
370,1.2852107286453247,0.2,"[26, 32, 55]","[27, 36, 55]","[27, 36, 53]"
371,1.2194181680679321,0.0,"[26, 32]","[27, 36, 53]","[27, 36, 53]"
372,1.1715470552444458,0.2,"[52, 53]","[27, 29, 36, 53]","[27, 36, 53]"
373,1.1704163551330566,0.25,[53],"[27, 29, 36, 53]","[27, 36, 53]"
374,1.102925181388855,0.2,"[25, 32, 53]","[27, 36, 53]","[27, 36, 53]"
375,1.2957404851913452,0.3333333333333333,[53],"[27, 36, 53]","[27, 36, 53]"
376,1.3007889986038208,0.0,[],"[27, 30, 36, 53]","[26, 27, 36, 58]"
377,1.501197099685669,0.0,[],"[53, 58]","[26, 58]"
378,1.2681158781051636,0.0,"[21, 23]","[25, 58]","[26, 58]"
379,1.326137661933899,0.0,[],"[26, 58]","[26, 58]"
380,1.1805659532546997,0.0,"[55, 56]","[26, 58]","[26, 58]"
381,1.1087905168533325,0.0,"[21, 55, 56]","[26, 58]","[26, 58]"
382,1.1992270946502686,0.0,"[55, 56]","[26, 58]","[26, 58]"
383,1.0896110534667969,0.0,[],"[26, 58]","[26, 58]"
384,1.1817466020584106,0.0,"[21, 23, 56]","[26, 58]","[26, 58]"
385,1.2305396795272827,0.0,[],"[26, 58]","[26, 58]"
386,0.9774017930030823,0.0,[56],"[26, 58]","[26, 58]"
387,0.9603679776191711,0.0,[],"[26, 58]","[26, 58]"
388,1.031672477722168,0.0,[],"[26, 58]","[26, 58]"
389,1.1448708772659302,0.0,[],"[26, 58]","[26, 29, 58]"
390,1.0113154649734497,0.0,[],"[26, 29, 58]","[26, 29, 58]"
391,1.019391417503357,0.0,"[23, 54]","[26, 29, 58]","[26, 29, 58]"
392,0.9228256344795227,0.0,"[23, 54]","[26, 29, 58]","[26, 29, 58]"
393,1.0422511100769043,0.0,"[23, 54]","[26, 29, 58]","[26, 29, 58]"
394,1.207032561302185,0.0,[23],"[26, 29, 58]","[26, 29, 58]"
395,1.1210681200027466,0.0,[23],"[26, 29, 58]","[26, 29, 58]"
396,1.1744920015335083,0.0,[56],"[26, 29, 58]","[26, 29, 58]"
397,1.1716071367263794,0.0,[],"[26, 29, 58]","[26, 29, 58]"
398,1.1176185607910156,0.0,[],"[26, 29, 58]","[26, 29, 58]"
399,1.1893600225448608,0.0,[56],"[26, 29, 58]","[26, 29, 58]"
400,1.23714280128479,0.0,[56],"[26, 29, 58]","[26, 29, 58]"
401,1.4749408960342407,0.0,"[50, 56]","[26, 29, 58]","[26, 29, 31, 34, 51, 58]"
402,1.3827346563339233,0.0,"[50, 56]","[51, 58]","[31, 34, 51]"
403,1.1465150117874146,0.25,"[32, 34, 36]","[34, 51]","[31, 34, 51]"
404,1.21207857131958,0.0,[],"[34, 51]","[31, 34, 51]"
405,1.3224540948867798,0.0,[],"[31, 34, 51]","[31, 34, 50]"
406,1.2643173933029175,0.0,[],"[31, 34]","[31, 34, 50]"
407,1.3599931001663208,0.0,[],"[31, 34, 50]","[31, 34, 50]"
408,1.4163687229156494,0.0,"[30, 33, 47, 49]","[31, 34, 48, 50]","[31, 34, 51]"
409,1.2147036790847778,0.0,[49],"[31, 34, 51]","[31, 34, 51]"
410,1.2497977018356323,0.0,[],"[31, 34, 51]","[31, 34, 51]"
411,1.1078277826309204,0.0,[],"[31, 34, 51]","[31, 34, 51]"
412,1.1152735948562622,0.0,[],"[31, 34, 51]","[31, 34, 51]"
413,1.2058466672897339,0.0,[],"[31, 34, 51]","[31, 34, 51]"
414,1.259126901626587,0.0,[],"[31, 34, 51]","[31, 34, 51]"
415,1.2727805376052856,0.0,[],"[31, 34, 51]","[31, 34, 51]"
416,1.226044774055481,0.0,"[25, 27, 28]","[31, 34, 51]","[31, 34, 51]"
417,1.1401426792144775,0.0,"[45, 47]","[31, 34, 51]","[31, 34, 51]"
418,1.1241730451583862,0.0,[],"[31, 34, 51]","[31, 34, 51]"
419,1.2069562673568726,0.0,[],"[31, 34, 51]","[31, 34, 51]"
420,1.1537396907806396,0.0,[25],"[31, 34, 51]","[31, 34, 51]"
421,1.2160758972167969,0.0,[],"[31, 34, 51]","[31, 34, 51]"
422,1.190488576889038,0.0,[49],"[31, 34, 51]","[31, 34, 51]"
423,1.1726670265197754,0.0,[49],"[31, 34, 51]","[31, 34, 51]"
424,1.1419777870178223,0.0,[49],"[31, 34, 51]","[31, 34, 51]"
425,1.198866844177246,0.0,"[21, 27, 49]","[31, 34, 51]","[31, 34, 51]"
426,1.2182612419128418,0.0,"[21, 27, 49]","[31, 34, 51]","[27, 31, 34, 51]"
427,1.4306775331497192,0.0,[49],"[31, 34, 51]","[27, 34, 51]"
428,1.2661066055297852,0.0,[21],"[27, 29, 34, 51]","[27, 34, 51]"
429,1.1198021173477173,0.0,[],"[27, 34, 51]","[27, 34, 51]"
430,1.096635341644287,0.0,[],"[27, 34, 51]","[27, 34, 51]"
431,1.2460030317306519,0.2,"[20, 21, 27]","[27, 34, 51]","[27, 34, 51]"
432,1.1276367902755737,0.2,"[20, 21, 27]","[27, 34, 51]","[27, 34, 51]"
433,1.0886719226837158,0.2,"[20, 21, 27]","[27, 34, 51]","[27, 34, 51]"
434,1.176509141921997,0.3333333333333333,[51],"[27, 34, 51]","[27, 34, 51]"
435,1.0800496339797974,0.0,[],"[27, 34, 51]","[27, 34, 51]"
436,1.1373308897018433,0.0,[],"[27, 34, 51]","[27, 34, 51]"
437,1.2265766859054565,0.0,[23],"[27, 34, 51]","[27, 34, 51]"
438,1.3080384731292725,0.0,[],"[27, 34, 51]","[27, 34, 51, 53]"
439,1.5591684579849243,0.0,[],"[27, 34, 51]","[27, 34, 53]"
440,1.6840648651123047,0.0,[],"[27, 34, 53]","[27, 34, 53]"
441,1.3594114780426025,0.0,"[55, 56, 59]","[27, 34]","[27, 34, 53]"
442,1.300959587097168,0.0,"[25, 26, 31, 55, 56, 59]","[27, 34, 51, 53]","[27, 34, 53]"
443,1.3636199235916138,0.0,"[55, 56]","[27, 34, 53]","[27, 34, 53]"
444,1.3667411804199219,0.0,"[25, 55, 59]","[27, 34, 53]","[27, 34, 53, 55]"
445,1.2743606567382812,0.0,[],"[27, 34, 53, 55]","[27, 34, 55]"
446,1.2877262830734253,0.0,[],"[27, 34, 55]","[27, 34, 55]"
447,1.3820592164993286,0.0,[],"[27, 34, 55]","[27, 34, 55]"
448,1.1195546388626099,0.0,[37],"[27, 34, 55]","[27, 34, 55]"
449,1.3004207611083984,0.0,[],"[27, 34, 55]","[27, 34, 55]"
450,1.315737009048462,0.0,"[28, 36]","[27, 34, 55]","[27, 34, 55]"
451,1.730913758277893,0.0,"[28, 36]","[27, 34, 55]","[27, 29, 34, 48]"
452,1.5540614128112793,0.0,"[28, 36]",[34],"[29, 34, 48]"
453,1.3105583190917969,0.0,[28],"[27, 29, 34]","[29, 34, 48]"
454,1.3871521949768066,0.0,[28],"[29, 34]","[29, 34, 48]"
455,1.3019764423370361,0.0,[28],"[29, 34, 48, 50]","[29, 34, 48]"
456,1.2408597469329834,0.0,[28],"[29, 34, 48, 50]","[29, 34, 48]"
457,1.1358592510223389,0.0,[],"[29, 34, 48]","[29, 34, 48]"
458,1.0592443943023682,0.0,[],"[29, 34, 48]","[29, 34, 48]"
459,0.8769665956497192,0.25,"[28, 34]","[29, 34, 48]","[29, 34, 48]"
460,0.8793827295303345,0.0,[],"[29, 34, 48]","[29, 34, 48]"
461,0.9205031991004944,0.25,"[28, 34]","[29, 34, 48]","[29, 34, 48]"
462,0.8407298922538757,0.0,[],"[29, 34, 48]","[29, 34, 48]"
463,0.8950204253196716,0.0,"[28, 33]","[29, 34, 48]","[29, 34, 48]"
464,0.8804003000259399,0.0,"[28, 32]","[29, 34, 48]","[29, 34, 48]"
465,0.9259902834892273,0.0,[],"[29, 34, 48]","[29, 34, 48]"
466,1.1607385873794556,0.0,[],"[29, 34, 48]","[29, 34, 48]"
467,0.9554383158683777,0.0,[],"[29, 34, 48]","[29, 34, 48]"
468,1.141845703125,0.0,[28],"[29, 34, 48]","[29, 34, 48]"
469,1.0922116041183472,0.0,[],"[29, 34, 48]","[29, 34, 48]"
470,1.0876871347427368,0.0,[],"[29, 34, 48]","[29, 34, 48]"
471,1.0637446641921997,0.0,"[26, 31]","[29, 34, 48]","[29, 34, 48]"
472,1.11361563205719,0.0,[],"[29, 34, 48]","[29, 34, 48]"
473,1.0453310012817383,0.0,[],"[29, 34, 48]","[29, 34, 48]"
474,1.217903733253479,0.0,[],"[29, 34, 48]","[29, 34, 48]"
475,1.1226181983947754,0.0,[],"[29, 34, 48]","[29, 34, 48]"
476,1.7328060865402222,0.0,[],"[29, 34, 48]","[29, 33, 34, 48, 53]"
477,1.5640716552734375,0.0,[],"[29, 33, 34, 48]","[29, 33, 53]"
478,1.3443853855133057,0.0,[],"[29, 33]","[29, 33, 53]"
479,1.3435094356536865,0.0,"[30, 57]","[29, 33]","[29, 33, 53]"
480,1.2030351161956787,0.0,[30],"[29, 33, 53]","[29, 33, 53]"
481,1.136467456817627,0.0,"[30, 55]","[29, 33, 53]","[29, 33, 53]"
482,1.2582660913467407,0.0,[],"[29, 33, 53]","[29, 33, 53]"
483,1.1882015466690063,0.0,[30],"[29, 33, 53]","[29, 33, 53]"
484,1.2522156238555908,0.0,[],"[29, 33, 53]","[29, 33, 53]"
485,1.3249789476394653,0.0,[55],"[29, 33, 53]","[29, 33, 53]"
486,1.2802958488464355,0.0,"[30, 55]","[29, 33, 53]","[29, 33, 53]"
487,1.224623441696167,0.0,[30],"[29, 33, 53]","[29, 33, 53]"
488,1.2780799865722656,0.0,"[26, 30, 55]","[29, 33, 53]","[29, 33, 53]"
489,1.3318467140197754,0.0,[],"[29, 33, 53]","[29, 31, 53]"
490,1.3165520429611206,0.0,[55],"[29, 31, 53]","[29, 31, 53]"
491,1.292755365371704,0.0,[],"[29, 31, 53]","[29, 31, 53]"
492,1.0277918577194214,0.3333333333333333,[53],"[29, 31, 53]","[29, 31, 53]"
493,1.2017003297805786,0.3333333333333333,[53],"[29, 31, 53]","[29, 31, 53]"
494,1.258496642112732,0.3333333333333333,[53],"[29, 31, 53]","[29, 31, 53]"
495,1.1787834167480469,0.0,[],"[29, 31, 53]","[29, 31, 51, 53]"
496,1.2167800664901733,0.25,[51],"[29, 31, 51, 53]","[29, 31, 51]"
497,1.0792814493179321,0.0,[],"[29, 31, 51, 53]","[29, 31, 51]"
498,1.2650195360183716,0.0,[],"[29, 31, 51]","[29, 31, 51]"
499,1.277549386024475,0.0,[],"[29, 31, 51]","[29, 31, 51]"
500,1.0700304508209229,0.0,[],"[29, 31, 51]","[29, 31, 51]"
501,1.1520919799804688,0.0,[],"[29, 31, 51]","[29, 33, 50, 51]"
502,1.2581486701965332,0.0,[],"[29, 33, 51]","[29, 33, 50]"
503,1.5060571432113647,0.0,[],"[29, 33]","[29, 33, 50]"
504,1.2938791513442993,0.0,[],"[29, 33, 50]","[29, 33, 50]"
505,1.1226553916931152,0.0,[],"[29, 33, 50]","[29, 33, 50]"
506,1.35604989528656,0.0,[],"[29, 33, 50]","[29, 33, 50]"
507,1.3159555196762085,0.0,[],"[29, 33, 50]","[29, 33, 50]"
508,1.186842918395996,0.0,[],"[29, 33, 50]","[29, 33, 50]"
509,1.2488421201705933,0.0,[],"[29, 33, 50]","[29, 33, 50]"
510,1.4251142740249634,0.0,[],"[29, 33, 50]","[29, 33, 50]"
511,1.2152700424194336,0.0,[],"[29, 33, 50]","[29, 33, 50]"
512,1.187903642654419,0.0,[],"[29, 33, 50]","[29, 33, 50]"
513,1.3434020280838013,0.0,[],"[29, 33, 50]","[29, 33, 50]"
514,1.376335859298706,0.0,[49],"[29, 33, 50]","[29, 33, 50]"
515,1.3244574069976807,0.0,[49],"[29, 33, 50]","[29, 33, 50]"
516,1.5057069063186646,0.0,[49],"[29, 33, 50]","[29, 33, 50]"
517,1.6534972190856934,0.0,[49],"[29, 33, 50]","[29, 33, 50]"
518,1.7701531648635864,0.0,[49],"[29, 33, 50]","[29, 33, 50]"
519,1.782429814338684,0.0,[49],"[29, 33, 50]","[29, 33, 50, 51]"
520,1.7168866395950317,0.0,[],"[29, 33, 50]","[29, 33, 51]"
521,1.6458576917648315,0.0,[21],"[29, 33, 51, 53]","[29, 33, 51]"
522,1.7035335302352905,0.0,[],"[29, 33, 51]","[29, 33, 51]"
523,1.6720449924468994,0.0,[],"[29, 33, 51]","[29, 33, 51]"
524,1.7269744873046875,0.0,"[21, 27]","[29, 33, 51]","[29, 33, 51]"
525,1.8908061981201172,0.0,"[21, 27]","[29, 33, 51]","[29, 33, 51]"
526,1.9067494869232178,0.0,[],"[29, 33, 51]","[29, 33, 34, 50]"
527,1.8374643325805664,0.0,[23],"[29, 33]","[34, 50]"
528,1.6077749729156494,0.0,[],"[50, 51]","[34, 50]"
529,1.721602439880371,0.0,"[23, 46]",[50],"[34, 50]"
530,1.6977641582489014,0.0,[23],[50],"[34, 50, 51]"
531,1.6863471269607544,0.0,[23],[50],"[34, 51]"
532,1.6989144086837769,0.0,"[44, 46]",[34],"[34, 51]"
533,1.4516000747680664,0.0,[46],"[34, 50, 51]","[34, 50, 51]"
534,1.309799313545227,0.0,[46],"[34, 50, 51]","[34, 50]"
535,1.295854091644287,0.0,"[28, 29]","[34, 50, 51]","[34, 50]"
536,1.10905122756958,0.0,[],"[34, 50]","[34, 50]"
537,1.0436018705368042,0.0,[],"[34, 50]","[34, 50]"
538,0.9674180150032043,0.0,"[28, 29]","[34, 50]","[34, 50]"
539,1.0345685482025146,0.0,[],"[34, 50]","[34, 50]"
540,1.0750490427017212,0.0,"[28, 29, 30]","[34, 50]","[34, 50]"
541,1.0707826614379883,0.0,[],"[34, 50]","[34, 50]"
542,0.9956282377243042,0.0,[],"[34, 50]","[34, 50]"
543,0.9690373539924622,0.0,[],"[34, 50]","[34, 50]"
544,1.0832724571228027,0.0,[49],"[34, 50]","[34, 50]"
545,1.1481932401657104,0.0,[],"[34, 50]","[34, 50]"
546,1.264854073524475,0.0,"[28, 29, 30]","[34, 50]","[34, 50]"
547,0.9945492744445801,0.0,"[28, 30]","[34, 50]","[34, 50]"
548,1.0773937702178955,0.0,[],"[34, 50]","[34, 50]"
549,1.0089553594589233,0.0,[],"[34, 50]","[34, 50]"
